[{
"hastaAdi": "Sabiha",
"hastaSoyadi": "Yanmış",
"hastaTckno": "79834785351"
},
{
"hastalik": "Çölyak",
"diyetYontemi": "Akdeniz",
"diyetBilgi": "Pazartesi\nKahvaltı: 1 adet yumurta +1 dilim az yağlı beyaz peynir + kepekli ekmek + domates, salatalık\nÖğlen: Ton balıklı bol yeşillikli salata + 1 dilim kepekli ekmek\nAra: Yarım yağlı süt + Badem\nAkşam: Zeytinyağlı sebze yemeği + yarım yağlı yoğurt +salata\nAra öğün: Meyve\n\nSalı\nKahvaltı: 2 dilim beyaz peynir + Zeytin + Kepek ekmeği + Domates, salatalık, yeşillik\nÖğlen: Fırında ızgara sebze + Makarna + Ayran\nAra: Meyve + fındık\nAkşam: Zeytinyağlı bakliyat yemeği + yarım yağlı yoğurt +salata\nAra: Yarım yağlı süt + meyve\n\nÇarşamba\nKahvaltı: Yarım yağlı yoğurt + 3 kaşık yulaf ezmesi + meyve\nÖğlen: Peynirli, avokadolu salata +kepekli ekmek + ayran\nAra: Yarım yağlı süt + ceviz\nAkşam: Izgara balık +bol yeşillikli salata\nAra: Meyve\n\nPerşembe\nKahvaltı: Peynirli omlet +zeytin + kepek ekmeği + Yeşillik\nÖğlen: Zeytinyağlı bakliyat yemeği + Yarım yağlı yoğurt +Salata\nAra: Meyve + badem\nAkşam: Zeytinyağlı sebze yemeği + Bulgur pilavı + Ayran\nAra: Yarım yağlı yoğurt + ceviz\n\nCuma\nKahvaltı: Lor peyniri +Ceviz + Kepek ekmeği + Domates, salatalık\nÖğlen: Haşlanmış mercimekli salata + ayran\nAra: 1 kase yoğurt +Meyve\nAkşam: Zeytinyağlı sebze yemeği + salata + kepek ekmeği\nAra: Meyve\n\nCumartesi\nKahvaltı: Yarım yağlı süt + Fındık + 2 yemek kaşığı yulaf ezmesi + Meyve\nÖğlen: Sebzeli makarna +ayran + salata\nAra: Meyve + ceviz\nAkşam: Izgara Tavuk +Yarım yağlı yoğurt + Haşlama sebze\nAra: Yarım yağlı süt + meyve\n\nPazar\nKahvaltı: Menemen + Yarım yağlı beyaz peynir + Kepek ekmeği + yeşillik\nÖğlen: Tam tahıl ekmeğine yapılmış sandviç + ayran\nAra: Meyve + badem\nAkşam: Çorba + Zeytinyağlı bakliyat yemeği + Salata\nAra: Yarım yağlı süt\n"
}]
